measure_id,measure_name,location_id,location_name,sex_id,sex_name,age_id,age_name,cause_id,cause_name,metric_id,metric_name,year,val,upper,lower
1,Deaths,1,Global,3,Both,22,All ages,297,Tuberculosis,3,Rate,1990,33.351979249508446,37.13800013187647,28.738840167936843
1,Deaths,1,Global,3,Both,22,All ages,298,HIV/AIDS,3,Rate,1990,5.736155163664137,7.589100493510813,4.397351575203414
1,Deaths,1,Global,3,Both,22,All ages,302,Diarrheal diseases,3,Rate,1990,54.97674412736905,69.9339116993352,43.27930738305015
1,Deaths,1,Global,3,Both,22,All ages,321,Other intestinal infectious diseases,3,Rate,1990,0.06411625816061041,0.08018823395133412,0.05037330495685055
1,Deaths,1,Global,3,Both,22,All ages,322,Lower respiratory infections,3,Rate,1990,56.497228928949454,61.71713348570737,51.453073144756424
1,Deaths,1,Global,3,Both,22,All ages,328,Upper respiratory infections,3,Rate,1990,0.6946358020141198,1.1182636477341554,0.2062353266003403
1,Deaths,1,Global,3,Both,22,All ages,329,Otitis media,3,Rate,1990,0.027655531577198418,0.0485622067747111,0.015514197033179402
1,Deaths,1,Global,3,Both,22,All ages,332,Meningitis,3,Rate,1990,7.877216708169251,9.042974944961015,6.952447537459387
1,Deaths,1,Global,3,Both,22,All ages,337,Encephalitis,3,Rate,1990,1.578455027399142,1.7871862404892194,1.247813371852354
1,Deaths,1,Global,3,Both,22,All ages,338,Diphtheria,3,Rate,1990,0.47709387143981996,0.6446003063519496,0.3635621375274936
1,Deaths,1,Global,3,Both,22,All ages,339,Pertussis,3,Rate,1990,4.98783208080311,10.549934891715985,2.2326565884605536
1,Deaths,1,Global,3,Both,22,All ages,340,Tetanus,3,Rate,1990,3.859494425146871,4.956338986452017,2.3272570432352224
1,Deaths,1,Global,3,Both,22,All ages,391,Other nutritional deficiencies,3,Rate,1990,1.2090624000094028,1.524279799569825,1.0192286069109269
1,Deaths,1,Global,3,Both,22,All ages,393,Sexually transmitted infections excluding HIV,3,Rate,1990,1.748491309437756,3.3140137168983594,0.719014445450174
1,Deaths,1,Global,3,Both,22,All ages,400,Acute hepatitis,3,Rate,1990,3.006444693815921,3.376923995277806,2.6163161501147045
1,Deaths,1,Global,3,Both,22,All ages,408,Other unspecified infectious diseases,3,Rate,1990,1.2026595222999763,1.442108619159435,0.7523487687628794
1,Deaths,1,Global,3,Both,22,All ages,411,Esophageal cancer,3,Rate,1990,6.679575871223342,7.3149943654477045,5.987727668514942
1,Deaths,1,Global,3,Both,22,All ages,414,Stomach cancer,3,Rate,1990,16.015088664744177,17.62353040369986,14.490808030960533
1,Deaths,1,Global,3,Both,22,All ages,417,Liver cancer,3,Rate,1990,4.480426125379802,4.9316745880482875,4.100720523087807
1,Deaths,1,Global,3,Both,22,All ages,423,Larynx cancer,3,Rate,1990,1.608469340376017,1.7100486130617927,1.5075825636454778
1,Deaths,1,Global,3,Both,22,All ages,426,"Tracheal, bronchus, and lung cancer",3,Rate,1990,20.251291106209163,21.2905378974271,19.186335637892157
1,Deaths,1,Global,3,Both,22,All ages,560,Alcohol use disorders,3,Rate,1990,2.0765181935697288,2.154663689819804,1.9147578160651884
1,Deaths,1,Global,3,Both,22,All ages,561,Drug use disorders,3,Rate,1990,1.158208775335224,1.2542658439779255,1.0748523155208396
1,Deaths,1,Global,3,Both,22,All ages,572,Eating disorders,3,Rate,1990,0.0028865410400466572,0.0031641380562754907,0.0024562348959850646
1,Deaths,1,Global,3,Both,22,All ages,587,Diabetes mellitus,3,Rate,1990,12.599722805216217,13.223768813241493,11.913931291931355
1,Deaths,1,Global,3,Both,22,All ages,588,Acute glomerulonephritis,3,Rate,1990,0.2414089456781682,0.3013437147754656,0.18786048362776156
1,Deaths,1,Global,3,Both,22,All ages,589,Chronic kidney disease,3,Rate,1990,10.362051249006276,11.39778355369088,9.626908163502277
1,Deaths,1,Global,3,Both,22,All ages,594,Urinary diseases and male infertility,3,Rate,1990,2.5714494314703216,2.8194682377424836,2.3142756278168752
1,Deaths,1,Global,3,Both,22,All ages,603,Gynecological diseases,3,Rate,1990,0.08547349544960632,0.12032732232017483,0.06740622216817471
1,Deaths,1,Global,3,Both,22,All ages,613,Hemoglobinopathies and hemolytic anemias,3,Rate,1990,1.329937416395385,1.5952587409364136,1.1438778601885335
1,Deaths,1,Global,3,Both,22,All ages,854,Police conflict and executions,3,Rate,1990,0.11488918305268524,0.14910910443379008,0.06758977012962063
1,Deaths,1,Global,3,Both,22,All ages,935,Zika virus,3,Rate,1990,0.0,0.0,0.0
1,Deaths,1,Global,3,Both,22,All ages,341,Measles,3,Rate,1990,12.715377949338777,25.568028167719774,4.7363747279969
1,Deaths,1,Global,3,Both,22,All ages,342,Varicella and herpes zoster,3,Rate,1990,0.2931013485599984,0.3259432299372941,0.2651259403306216
1,Deaths,1,Global,3,Both,22,All ages,493,Ischemic heart disease,3,Rate,1990,100.62833748287596,104.29633722217261,95.17739553005494
1,Deaths,1,Global,3,Both,22,All ages,494,Stroke,3,Rate,1990,94.37407712957828,99.29562594353598,88.35253549117006
1,Deaths,1,Global,3,Both,22,All ages,498,Hypertensive heart disease,3,Rate,1990,13.38555758798842,14.910277452704333,10.828172644999416
1,Deaths,1,Global,3,Both,22,All ages,499,Cardiomyopathy and myocarditis,3,Rate,1990,5.174485701947358,5.58763138241756,4.687321219913492
1,Deaths,1,Global,3,Both,22,All ages,500,Atrial fibrillation and flutter,3,Rate,1990,2.1474996669052517,2.384024727180094,1.8997513344032384
1,Deaths,1,Global,3,Both,22,All ages,501,Aortic aneurysm,3,Rate,1990,1.6565260971736844,1.752878459723753,1.5578564066138594
1,Deaths,1,Global,3,Both,22,All ages,502,Lower extremity peripheral arterial disease,3,Rate,1990,0.7350471673773491,0.7980140398116449,0.6693633056223894
1,Deaths,1,Global,3,Both,22,All ages,503,Endocarditis,3,Rate,1990,0.6915277343389566,0.7597517384593675,0.5933293959494123
1,Deaths,1,Global,3,Both,22,All ages,504,Non-rheumatic valvular heart disease,3,Rate,1990,1.549218972263002,1.6572584479876475,1.4265590102421306
1,Deaths,1,Global,3,Both,22,All ages,507,Other cardiovascular and circulatory diseases,3,Rate,1990,2.710654971112211,2.965819893347623,2.446209802917095
1,Deaths,1,Global,3,Both,22,All ages,509,Chronic obstructive pulmonary disease,3,Rate,1990,46.788332265034775,50.523909018208606,41.97870884152905
1,Deaths,1,Global,3,Both,22,All ages,945,Conflict and terrorism,3,Rate,1990,2.181242257352087,2.381971020014125,2.0201308148944235
1,Deaths,1,Global,3,Both,22,All ages,510,Pneumoconiosis,3,Rate,1990,0.3275695033357307,0.3644018007526115,0.29227674610239696
1,Deaths,1,Global,3,Both,22,All ages,515,Asthma,3,Rate,1990,7.019191629775862,9.236740814859068,5.710945782076801
1,Deaths,1,Global,3,Both,22,All ages,516,Interstitial lung disease and pulmonary sarcoidosis,3,Rate,1990,1.0305795790584906,1.2822651408126016,0.8392304086397808
1,Deaths,1,Global,3,Both,22,All ages,520,Other chronic respiratory diseases,3,Rate,1990,0.9133604248341042,1.042597229286058,0.820262398414746
1,Deaths,1,Global,3,Both,22,All ages,521,Cirrhosis and other chronic liver diseases,3,Rate,1990,19.157269694992717,21.460417598689894,17.560836729157963
1,Deaths,1,Global,3,Both,22,All ages,665,Decubitus ulcer,3,Rate,1990,0.311645300068337,0.37034926506327237,0.2575794220993463
1,Deaths,1,Global,3,Both,22,All ages,668,Other skin and subcutaneous diseases,3,Rate,1990,0.08950101131821489,0.1497248888408587,0.07322445954910245
1,Deaths,1,Global,3,Both,22,All ages,686,Sudden infant death syndrome,3,Rate,1990,1.4196518710289194,2.1496261238609504,0.8611210442686625
1,Deaths,1,Global,3,Both,22,All ages,689,Road injuries,3,Rate,1990,20.7600721993997,21.777810490623956,19.778383980817424
1,Deaths,1,Global,3,Both,22,All ages,297,Tuberculosis,3,Rate,2000,28.42492413865547,30.686561851589374,25.72849409794809
1,Deaths,1,Global,3,Both,22,All ages,298,HIV/AIDS,3,Rate,2000,22.460265796290845,27.76494387236996,17.813697591388888
1,Deaths,1,Global,3,Both,22,All ages,302,Diarrheal diseases,3,Rate,2000,37.366589992264736,49.193164019269915,29.371660470280407
1,Deaths,1,Global,3,Both,22,All ages,321,Other intestinal infectious diseases,3,Rate,2000,0.044665004930622386,0.055719533599470704,0.035153647420329684
1,Deaths,1,Global,3,Both,22,All ages,322,Lower respiratory infections,3,Rate,2000,44.569005640087035,47.85494654541008,41.25728291425733
1,Deaths,1,Global,3,Both,22,All ages,328,Upper respiratory infections,3,Rate,2000,0.5028885648154995,0.8438777909191776,0.13767355747196117
1,Deaths,1,Global,3,Both,22,All ages,329,Otitis media,3,Rate,2000,0.012755667592981381,0.028278184958552336,0.005381880615634614
1,Deaths,1,Global,3,Both,22,All ages,332,Meningitis,3,Rate,2000,6.370720778167349,7.401231593457363,5.602213463446949
1,Deaths,1,Global,3,Both,22,All ages,337,Encephalitis,3,Rate,2000,1.4838311911934328,1.6433958286532209,1.2217370388615008
1,Deaths,1,Global,3,Both,22,All ages,338,Diphtheria,3,Rate,2000,0.2838216009417447,0.383784250943916,0.21339015586145224
1,Deaths,1,Global,3,Both,22,All ages,339,Pertussis,3,Rate,2000,3.4344500597707963,6.524662542242086,1.492286456071178
1,Deaths,1,Global,3,Both,22,All ages,340,Tetanus,3,Rate,2000,1.68169870333915,2.1996360219969704,1.0006860872973864
1,Deaths,1,Global,3,Both,22,All ages,695,Other transport injuries,3,Rate,1990,1.3742929989987844,1.5077613786151491,1.2788711971951594
1,Deaths,1,Global,3,Both,22,All ages,697,Falls,3,Rate,1990,7.64523037144933,8.43965929200698,6.697892572963312
1,Deaths,1,Global,3,Both,22,All ages,698,Drowning,3,Rate,1990,9.678074155803554,10.497739915610799,8.822434677369339
1,Deaths,1,Global,3,Both,22,All ages,699,"Fire, heat, and hot substances",3,Rate,1990,2.568739834893137,2.8150057782937314,2.1353716189045766
1,Deaths,1,Global,3,Both,22,All ages,700,Poisonings,3,Rate,1990,1.2354078863853082,1.5402989421997337,1.1044205620136864
1,Deaths,1,Global,3,Both,22,All ages,704,Exposure to mechanical forces,3,Rate,1990,2.072371209889937,2.5517079630168142,1.8283961064399792
1,Deaths,1,Global,3,Both,22,All ages,1008,Eye cancer,3,Rate,1990,0.14096810901501383,0.16182223392109757,0.10792497142464715
1,Deaths,1,Global,3,Both,22,All ages,1011,Soft tissue and other extraosseous sarcomas,3,Rate,1990,0.5976852861396855,0.7069882938625054,0.49583110773251293
1,Deaths,1,Global,3,Both,22,All ages,1012,Malignant neoplasm of bone and articular cartilage,3,Rate,1990,0.6665672866472955,0.7876661763974359,0.6062345735558579
1,Deaths,1,Global,3,Both,22,All ages,1013,Neuroblastoma and other peripheral nervous cell tumors,3,Rate,1990,0.050149098367275456,0.05884115396124329,0.043089622529356005
1,Deaths,1,Global,3,Both,22,All ages,1048,COVID-19,3,Rate,1990,0.0,0.0,0.0
1,Deaths,1,Global,3,Both,22,All ages,1056,Other unintentional injuries,3,Rate,1990,3.180886582844881,3.9098881712137765,2.322543714157182
1,Deaths,1,Global,3,Both,22,All ages,1058,Other COVID-19 pandemic-related outcomes,3,Rate,1990,0.0,0.0,0.0
1,Deaths,1,Global,3,Both,22,All ages,429,Breast cancer,3,Rate,1990,6.664822205473546,7.0022961262597825,6.289716450578765
1,Deaths,1,Global,3,Both,22,All ages,432,Cervical cancer,3,Rate,1990,3.965105481498443,4.3092844972917,3.669630379055367
1,Deaths,1,Global,3,Both,22,All ages,435,Uterine cancer,3,Rate,1990,1.0283608324215905,1.1083670974059794,0.9150170065221607
1,Deaths,1,Global,3,Both,22,All ages,438,Prostate cancer,3,Rate,1990,3.974250267302906,4.2059161959534626,3.6414616987929023
1,Deaths,1,Global,3,Both,22,All ages,441,Colon and rectum cancer,3,Rate,1990,10.692891142981498,11.205677833856553,10.059668571467869
1,Deaths,1,Global,3,Both,22,All ages,444,Lip and oral cavity cancer,3,Rate,1990,1.8261934717555655,1.9191641603542369,1.7344001309243795
1,Deaths,1,Global,3,Both,22,All ages,447,Nasopharynx cancer,3,Rate,1990,1.2174263137989676,1.3329805808308817,1.0976513605895177
1,Deaths,1,Global,3,Both,22,All ages,450,Other pharynx cancer,3,Rate,1990,0.8313984958942173,0.903511155840343,0.7685897327126676
1,Deaths,1,Global,3,Both,22,All ages,453,Gallbladder and biliary tract cancer,3,Rate,1990,1.8502075935510334,2.0471895910550466,1.6675440602614762
1,Deaths,1,Global,3,Both,22,All ages,456,Pancreatic cancer,3,Rate,1990,3.967522349378408,4.161354683124562,3.74961439547899
1,Deaths,1,Global,3,Both,22,All ages,459,Malignant skin melanoma,3,Rate,1990,0.6198596606562439,0.6473937381313563,0.572714585543137
1,Deaths,1,Global,3,Both,22,All ages,462,Non-melanoma skin cancer,3,Rate,1990,0.42498354854239706,0.4626286978511597,0.3876176071918908
1,Deaths,1,Global,3,Both,22,All ages,465,Ovarian cancer,3,Rate,1990,1.8858494163978623,2.0452704886833155,1.743107825661109
1,Deaths,1,Global,3,Both,22,All ages,468,Testicular cancer,3,Rate,1990,0.14283808335646253,0.15141015498805288,0.1348351568650616
1,Deaths,1,Global,3,Both,22,All ages,471,Kidney cancer,3,Rate,1990,1.4515589454360165,1.4941300825494046,1.402562213916586
1,Deaths,1,Global,3,Both,22,All ages,474,Bladder cancer,3,Rate,1990,2.3084761005128294,2.433745238353394,2.124773843801382
1,Deaths,1,Global,3,Both,22,All ages,477,Brain and central nervous system cancer,3,Rate,1990,2.5539647430632018,2.909793674270081,2.152369782177916
1,Deaths,1,Global,3,Both,22,All ages,480,Thyroid cancer,3,Rate,1990,0.41047219328268864,0.45200273610673786,0.3831819063721818
1,Deaths,1,Global,3,Both,22,All ages,483,Mesothelioma,3,Rate,1990,0.2828053639848614,0.30450936196881023,0.26325158668242193
1,Deaths,1,Global,3,Both,22,All ages,484,Hodgkin lymphoma,3,Rate,1990,0.5432902625437659,0.6207209305990549,0.401035758330448
1,Deaths,1,Global,3,Both,22,All ages,485,Non-Hodgkin lymphoma,3,Rate,1990,2.7496758553824825,3.01000043045364,2.5673170273207906
1,Deaths,1,Global,3,Both,22,All ages,486,Multiple myeloma,3,Rate,1990,0.8918695684469008,0.9640070032838364,0.827533365162531
1,Deaths,1,Global,3,Both,22,All ages,487,Leukemia,3,Rate,1990,4.651720299640072,5.200113248977391,4.083271191383563
1,Deaths,1,Global,3,Both,22,All ages,341,Measles,3,Rate,2000,8.605476804983352,17.60959250154635,3.136947985363763
1,Deaths,1,Global,3,Both,22,All ages,342,Varicella and herpes zoster,3,Rate,2000,0.25246929887005964,0.2750780484289183,0.23154617602587604
1,Deaths,1,Global,3,Both,22,All ages,493,Ischemic heart disease,3,Rate,2000,103.34227794181326,106.91938677543881,97.76884986765306
1,Deaths,1,Global,3,Both,22,All ages,494,Stroke,3,Rate,2000,96.16532050851356,99.79164528405923,91.04486891186
1,Deaths,1,Global,3,Both,22,All ages,498,Hypertensive heart disease,3,Rate,2000,13.307058494368665,14.609029395282725,11.274286943761826
1,Deaths,1,Global,3,Both,22,All ages,499,Cardiomyopathy and myocarditis,3,Rate,2000,5.456662511589626,5.825119244009445,5.02818485983275
1,Deaths,1,Global,3,Both,22,All ages,500,Atrial fibrillation and flutter,3,Rate,2000,2.6752216377073736,2.898268335623338,2.3841040822923905
1,Deaths,1,Global,3,Both,22,All ages,501,Aortic aneurysm,3,Rate,2000,1.8346550544444398,1.9419878708964036,1.7089022205899
1,Deaths,1,Global,3,Both,22,All ages,502,Lower extremity peripheral arterial disease,3,Rate,2000,0.8705845078333094,0.9212491518359185,0.7970162819702314
1,Deaths,1,Global,3,Both,22,All ages,503,Endocarditis,3,Rate,2000,0.8357671133182303,0.9040357762729149,0.7333323891670074
1,Deaths,1,Global,3,Both,22,All ages,504,Non-rheumatic valvular heart disease,3,Rate,2000,1.6490328987724723,1.7616418989493756,1.4907016281734204
1,Deaths,1,Global,3,Both,22,All ages,507,Other cardiovascular and circulatory diseases,3,Rate,2000,2.5525219454049073,2.765478074439702,2.342709640182491
1,Deaths,1,Global,3,Both,22,All ages,509,Chronic obstructive pulmonary disease,3,Rate,2000,47.32914400456318,49.854372970938556,43.75315238032552
1,Deaths,1,Global,3,Both,22,All ages,489,Other malignant neoplasms,3,Rate,1990,2.675737131675717,2.914073881767762,2.375172161361834
1,Deaths,1,Global,3,Both,22,All ages,490,Other neoplasms,3,Rate,1990,0.35042051321395146,0.4495203312871236,0.3000188761486119
1,Deaths,1,Global,3,Both,22,All ages,492,Rheumatic heart disease,3,Rate,1990,7.843886265453828,9.250935737621726,6.554833438708912
1,Deaths,1,Global,3,Both,22,All ages,619,"Endocrine, metabolic, blood, and immune disorders",3,Rate,1990,1.4707568644624485,1.6702184619245317,1.2660921424567144
1,Deaths,1,Global,3,Both,22,All ages,627,Rheumatoid arthritis,3,Rate,1990,0.40631187676650743,0.45376430185023203,0.36161794607972597
1,Deaths,1,Global,3,Both,22,All ages,639,Other musculoskeletal disorders,3,Rate,1990,0.6882570662982865,0.7451663753397223,0.6246792723825635
1,Deaths,1,Global,3,Both,22,All ages,641,Congenital birth defects,3,Rate,1990,17.79250403271703,23.05454039667809,11.084933562348441
1,Deaths,1,Global,3,Both,22,All ages,958,Typhoid and paratyphoid,3,Rate,1990,4.312208534005665,7.407831296051283,2.2415236116309294
1,Deaths,1,Global,3,Both,22,All ages,959,Invasive Non-typhoidal Salmonella (iNTS),3,Rate,1990,0.9175942167082672,1.4550910797385075,0.527596537270413
1,Deaths,1,Global,3,Both,22,All ages,510,Pneumoconiosis,3,Rate,2000,0.2951213075494356,0.3241994529187499,0.2703324968644933
1,Deaths,1,Global,3,Both,22,All ages,515,Asthma,3,Rate,2000,6.376091280497535,8.447496068362968,5.203068587179089
1,Deaths,1,Global,3,Both,22,All ages,516,Interstitial lung disease and pulmonary sarcoidosis,3,Rate,2000,1.378122487387853,1.627320493654676,1.182434998992
1,Deaths,1,Global,3,Both,22,All ages,520,Other chronic respiratory diseases,3,Rate,2000,0.7538271861024757,0.8679246301165396,0.6612851080226547
1,Deaths,1,Global,3,Both,22,All ages,521,Cirrhosis and other chronic liver diseases,3,Rate,2000,19.082223808130337,20.413161600873323,18.096853138669683
1,Deaths,1,Global,3,Both,22,All ages,665,Decubitus ulcer,3,Rate,2000,0.3406563250676334,0.38808711262617923,0.2725058846736094
1,Deaths,1,Global,3,Both,22,All ages,668,Other skin and subcutaneous diseases,3,Rate,2000,0.07549707468784114,0.11627288116339003,0.06394348969171615
1,Deaths,1,Global,3,Both,22,All ages,686,Sudden infant death syndrome,3,Rate,2000,1.0142037645658701,1.5624571476675022,0.5843846774414949
1,Deaths,1,Global,3,Both,22,All ages,689,Road injuries,3,Rate,2000,19.521100079946265,20.244091985762005,18.79092807764339
1,Deaths,1,Global,3,Both,22,All ages,980,Bacterial skin diseases,3,Rate,1990,0.5661362369316888,0.6338632648315982,0.43023936487803327
1,Deaths,1,Global,3,Both,22,All ages,992,Upper digestive system diseases,3,Rate,1990,5.848010252237844,6.48407214258783,5.282428789898908
1,Deaths,1,Global,3,Both,22,All ages,1004,Pulmonary Arterial Hypertension,3,Rate,1990,0.2782814658344381,0.32782329123798504,0.23192222102382454
1,Deaths,1,Global,3,Both,22,All ages,345,Malaria,3,Rate,1990,13.521525998627277,27.54392348474737,6.6065989239476055
1,Deaths,1,Global,3,Both,22,All ages,346,Chagas disease,3,Rate,1990,0.223648474412059,0.24626010008608176,0.19576619341043108
1,Deaths,1,Global,3,Both,22,All ages,347,Leishmaniasis,3,Rate,1990,1.1295239264887176,3.624526782633121,0.3767788189135982
1,Deaths,1,Global,3,Both,22,All ages,350,African trypanosomiasis,3,Rate,1990,0.3518547745209191,0.568723330846466,0.17254489015363927
1,Deaths,1,Global,3,Both,22,All ages,351,Schistosomiasis,3,Rate,1990,0.38047725725979814,0.42012296738067845,0.3417455929529714
1,Deaths,1,Global,3,Both,22,All ages,352,Cysticercosis,3,Rate,1990,0.037588461954184624,0.051326340210995816,0.02634019042313767
1,Deaths,1,Global,3,Both,22,All ages,353,Cystic echinococcosis,3,Rate,1990,0.07041111565299601,0.08566893104548717,0.0552036470034687
1,Deaths,1,Global,3,Both,22,All ages,357,Dengue,3,Rate,1990,0.26839217656490244,0.3497104461740789,0.2081645579071994
1,Deaths,1,Global,3,Both,22,All ages,358,Yellow fever,3,Rate,1990,0.2727011929509645,0.5825104631562245,0.10738238954348388
1,Deaths,1,Global,3,Both,22,All ages,359,Rabies,3,Rate,1990,0.4088424183216504,0.5331246563436784,0.29205858069633406
1,Deaths,1,Global,3,Both,22,All ages,360,Intestinal nematode infections,3,Rate,1990,0.2799311775597362,0.38224742072796913,0.17346429991971946
1,Deaths,1,Global,3,Both,22,All ages,365,Other neglected tropical diseases,3,Rate,1990,0.25578749615497803,0.3344294710643887,0.20066821195806722
1,Deaths,1,Global,3,Both,22,All ages,366,Maternal disorders,3,Rate,1990,6.421486790283471,7.066546471520765,5.813987902565545
1,Deaths,1,Global,3,Both,22,All ages,380,Neonatal disorders,3,Rate,1990,55.162971945543404,58.45820277700379,52.29379048066177
1,Deaths,1,Global,3,Both,22,All ages,387,Protein-energy malnutrition,3,Rate,1990,9.480091600877506,11.614891419392505,8.056401945659044
1,Deaths,1,Global,3,Both,22,All ages,529,Appendicitis,3,Rate,1990,0.7246990821639444,0.9186404877956602,0.5787103037737868
1,Deaths,1,Global,3,Both,22,All ages,530,Paralytic ileus and intestinal obstruction,3,Rate,1990,2.9756146661717526,3.3588363436036817,2.5801969811192813
1,Deaths,1,Global,3,Both,22,All ages,531,"Inguinal, femoral, and abdominal hernia",3,Rate,1990,0.7896776101545246,0.937135657054441,0.6776133704010682
1,Deaths,1,Global,3,Both,22,All ages,532,Inflammatory bowel disease,3,Rate,1990,0.4015604616529775,0.44271271510700777,0.3454090818026902
1,Deaths,1,Global,3,Both,22,All ages,533,Vascular intestinal disorders,3,Rate,1990,1.0711577344349505,1.16261786179178,0.9891043420540265
1,Deaths,1,Global,3,Both,22,All ages,534,Gallbladder and biliary diseases,3,Rate,1990,1.4316135542505566,1.600539769870353,1.1418571404561386
1,Deaths,1,Global,3,Both,22,All ages,535,Pancreatitis,3,Rate,1990,1.2841158277171483,1.4675272428930608,1.138970393066325
1,Deaths,1,Global,3,Both,22,All ages,695,Other transport injuries,3,Rate,2000,1.4245135254276846,1.4963939919506992,1.3609008504817457
1,Deaths,1,Global,3,Both,22,All ages,697,Falls,3,Rate,2000,7.997315856007075,8.541229073533314,7.056092716022257
1,Deaths,1,Global,3,Both,22,All ages,698,Drowning,3,Rate,2000,7.199042838988444,7.661969089429858,6.709565983524338
1,Deaths,1,Global,3,Both,22,All ages,699,"Fire, heat, and hot substances",3,Rate,2000,2.3496243649882604,2.548748140812285,1.969574016675233
1,Deaths,1,Global,3,Both,22,All ages,700,Poisonings,3,Rate,2000,1.138674594335962,1.290428514967304,1.0091038054716213
1,Deaths,1,Global,3,Both,22,All ages,704,Exposure to mechanical forces,3,Rate,2000,1.9025908072099758,2.184729132260597,1.6537242332000588
1,Deaths,1,Global,3,Both,22,All ages,1008,Eye cancer,3,Rate,2000,0.131232484389483,0.15045263274613907,0.1038231629943839
1,Deaths,1,Global,3,Both,22,All ages,1011,Soft tissue and other extraosseous sarcomas,3,Rate,2000,0.6025893185320789,0.7176681326022852,0.5143774519831396
1,Deaths,1,Global,3,Both,22,All ages,1012,Malignant neoplasm of bone and articular cartilage,3,Rate,2000,0.699041479140114,0.7996598995396054,0.62277803312452
1,Deaths,1,Global,3,Both,22,All ages,541,Other digestive diseases,3,Rate,1990,1.3608625353249697,1.6568716113582203,1.1940897798908654
1,Deaths,1,Global,3,Both,22,All ages,543,Alzheimer's disease and other dementias,3,Rate,1990,12.436094380598263,33.09178736156407,3.0669658144487
1,Deaths,1,Global,3,Both,22,All ages,544,Parkinson's disease,3,Rate,1990,2.7761228460274965,2.965135425447204,2.5461556296060484
1,Deaths,1,Global,3,Both,22,All ages,545,Idiopathic epilepsy,3,Rate,1990,1.9565743923555563,2.135232484251434,1.5947758205352172
1,Deaths,1,Global,3,Both,22,All ages,546,Multiple sclerosis,3,Rate,1990,0.17076153894199342,0.17753821461944008,0.16332396835538113
1,Deaths,1,Global,3,Both,22,All ages,554,Motor neuron disease,3,Rate,1990,0.2861107438979416,0.300782335439189,0.2693593226593907
1,Deaths,1,Global,3,Both,22,All ages,557,Other neurological disorders,3,Rate,1990,0.4632904604397589,0.4900070983632901,0.4404723452655026
1,Deaths,1,Global,3,Both,22,All ages,708,Adverse effects of medical treatment,3,Rate,1990,2.0350163507519343,2.3955473806705267,1.7715633952969374
1,Deaths,1,Global,3,Both,22,All ages,709,Animal contact,3,Rate,1990,1.9237161997894603,2.2127891034633276,1.3639782594578267
1,Deaths,1,Global,3,Both,22,All ages,712,Foreign body,3,Rate,1990,2.0335384755178794,2.223543600843735,1.5596330134872958
1,Deaths,1,Global,3,Both,22,All ages,718,Self-harm,3,Rate,1990,13.29395018261403,14.08545526388979,11.447147090722634
1,Deaths,1,Global,3,Both,22,All ages,724,Interpersonal violence,3,Rate,1990,6.741594291541876,6.9608113831475835,6.522266857089374
1,Deaths,1,Global,3,Both,22,All ages,729,Exposure to forces of nature,3,Rate,1990,0.9419838141933172,1.0358759525112873,0.8566400891985346
1,Deaths,1,Global,3,Both,22,All ages,842,Environmental heat and cold exposure,3,Rate,1990,0.6981038924336516,0.7978499867954719,0.5151182043137726
1,Deaths,1,Global,3,Both,22,All ages,843,Ebola,3,Rate,1990,0.0,0.0,0.0
1,Deaths,1,Global,3,Both,22,All ages,1013,Neuroblastoma and other peripheral nervous cell tumors,3,Rate,2000,0.05671618642414338,0.06272473414701175,0.0502844493290705
1,Deaths,1,Global,3,Both,22,All ages,1048,COVID-19,3,Rate,2000,0.0,0.0,0.0
1,Deaths,1,Global,3,Both,22,All ages,1056,Other unintentional injuries,3,Rate,2000,2.5056524729360556,2.9662647233973183,1.7827294674041685
1,Deaths,1,Global,3,Both,22,All ages,1058,Other COVID-19 pandemic-related outcomes,3,Rate,2000,0.0,0.0,0.0
1,Deaths,1,Global,3,Both,22,All ages,297,Tuberculosis,3,Rate,2021,14.735063146419623,16.65094688444135,13.305804159418368
1,Deaths,1,Global,3,Both,22,All ages,298,HIV/AIDS,3,Rate,2021,9.099570005188616,9.953261754145794,8.481064153719124
1,Deaths,1,Global,3,Both,22,All ages,302,Diarrheal diseases,3,Rate,2021,14.768033192502942,20.507987085563066,10.054312816177704
1,Deaths,1,Global,3,Both,22,All ages,321,Other intestinal infectious diseases,3,Rate,2021,0.017038191156808224,0.02206100461475844,0.012534939735216737
1,Deaths,1,Global,3,Both,22,All ages,322,Lower respiratory infections,3,Rate,2021,27.66320561036799,29.907213947863024,25.089682162739923
1,Deaths,1,Global,3,Both,22,All ages,328,Upper respiratory infections,3,Rate,2021,0.24851867827841123,0.5268696735806423,0.0891802978367269
1,Deaths,1,Global,3,Both,22,All ages,329,Otitis media,3,Rate,2021,0.006790593063378136,0.01572011747894187,0.002745294742871741
1,Deaths,1,Global,3,Both,22,All ages,332,Meningitis,3,Rate,2021,2.711348047691957,3.366525495244798,2.225896530271995
1,Deaths,1,Global,3,Both,22,All ages,337,Encephalitis,3,Rate,2021,1.1651705712538123,1.3443990787693616,0.9925892006682879
1,Deaths,1,Global,3,Both,22,All ages,338,Diphtheria,3,Rate,2021,0.04846751649375184,0.06835041450864579,0.03307756512062907
1,Deaths,1,Global,3,Both,22,All ages,339,Pertussis,3,Rate,2021,0.666662108353526,1.3455977842973772,0.2981972115292674
1,Deaths,1,Global,3,Both,22,All ages,340,Tetanus,3,Rate,2021,0.2690116872263398,0.4141537870919409,0.12103104213348696
1,Deaths,1,Global,3,Both,22,All ages,341,Measles,3,Rate,2021,0.7102618817425812,1.1031536769332826,0.41031836009315054
1,Deaths,1,Global,3,Both,22,All ages,342,Varicella and herpes zoster,3,Rate,2021,0.17653116710892755,0.1977478359923546,0.15947744435295558
1,Deaths,1,Global,3,Both,22,All ages,493,Ischemic heart disease,3,Rate,2021,113.94289852413658,120.77941264156188,104.723776761852
1,Deaths,1,Global,3,Both,22,All ages,494,Stroke,3,Rate,2021,91.90661302901913,98.94601466829381,83.21619825607871
1,Deaths,1,Global,3,Both,22,All ages,498,Hypertensive heart disease,3,Rate,2021,16.88049097713057,18.613435717034974,14.20708125373073
1,Deaths,1,Global,3,Both,22,All ages,499,Cardiomyopathy and myocarditis,3,Rate,2021,5.094665707265554,5.4863031085893965,4.669455561141186
1,Deaths,1,Global,3,Both,22,All ages,500,Atrial fibrillation and flutter,3,Rate,2021,4.295164272824776,4.671102377819391,3.661659630870312
1,Deaths,1,Global,3,Both,22,All ages,501,Aortic aneurysm,3,Rate,2021,1.950580579013743,2.1002564116828393,1.753987612887904
1,Deaths,1,Global,3,Both,22,All ages,502,Lower extremity peripheral arterial disease,3,Rate,2021,0.8584542521519686,0.9409857547289463,0.7595308329873056
1,Deaths,1,Global,3,Both,22,All ages,503,Endocarditis,3,Rate,2021,0.9864453958348091,1.0940805559327216,0.8745017646258556
1,Deaths,1,Global,3,Both,22,All ages,504,Non-rheumatic valvular heart disease,3,Rate,2021,2.2946362739061663,2.4801430640043383,1.9687834568213527
1,Deaths,1,Global,3,Both,22,All ages,507,Other cardiovascular and circulatory diseases,3,Rate,2021,2.806852772128193,3.0565417606394507,2.5446811967190697
1,Deaths,1,Global,3,Both,22,All ages,509,Chronic obstructive pulmonary disease,3,Rate,2021,47.139399416966164,51.755612068145744,42.42507198200634
1,Deaths,1,Global,3,Both,22,All ages,510,Pneumoconiosis,3,Rate,2021,0.23218495121319635,0.26505426927747483,0.2032775678307862
1,Deaths,1,Global,3,Both,22,All ages,515,Asthma,3,Rate,2021,5.5274796574402085,7.04066918073729,4.534018118371006
1,Deaths,1,Global,3,Both,22,All ages,516,Interstitial lung disease and pulmonary sarcoidosis,3,Rate,2021,2.3851722547813465,2.6896719882178886,2.0453482410930546
1,Deaths,1,Global,3,Both,22,All ages,520,Other chronic respiratory diseases,3,Rate,2021,0.6527039119831856,0.8118458250593853,0.5140725059958755
1,Deaths,1,Global,3,Both,22,All ages,521,Cirrhosis and other chronic liver diseases,3,Rate,2021,18.059536880962064,19.80761697316474,16.576637259221847
1,Deaths,1,Global,3,Both,22,All ages,665,Decubitus ulcer,3,Rate,2021,0.46928235383386774,0.5352267348523598,0.3614476606798855
1,Deaths,1,Global,3,Both,22,All ages,668,Other skin and subcutaneous diseases,3,Rate,2021,0.08905110337360093,0.16182138482692404,0.07267378197978697
1,Deaths,1,Global,3,Both,22,All ages,686,Sudden infant death syndrome,3,Rate,2021,0.3878636924430457,0.520751838815608,0.2256921701561394
1,Deaths,1,Global,3,Both,22,All ages,689,Road injuries,3,Rate,2021,15.151989987379876,16.16529888508435,14.170218718991093
1,Deaths,1,Global,3,Both,22,All ages,695,Other transport injuries,3,Rate,2021,0.9940770583831376,1.082508483396005,0.9207082811540589
1,Deaths,1,Global,3,Both,22,All ages,697,Falls,3,Rate,2021,10.173192623677977,11.079692551702703,8.64076817807168
1,Deaths,1,Global,3,Both,22,All ages,698,Drowning,3,Rate,2021,3.4750716161962174,3.7757033145845855,3.193152797503647
1,Deaths,1,Global,3,Both,22,All ages,699,"Fire, heat, and hot substances",3,Rate,2021,1.4877798130683917,1.7130620175800728,1.1732253714079794
1,Deaths,1,Global,3,Both,22,All ages,700,Poisonings,3,Rate,2021,0.7122895583716541,0.8143865983090245,0.4888663360271539
1,Deaths,1,Global,3,Both,22,All ages,704,Exposure to mechanical forces,3,Rate,2021,1.316522084930702,1.5007569993386956,0.9923262227265177
1,Deaths,1,Global,3,Both,22,All ages,1008,Eye cancer,3,Rate,2021,0.1322053241002092,0.1549912306501632,0.10154810615735621
1,Deaths,1,Global,3,Both,22,All ages,1011,Soft tissue and other extraosseous sarcomas,3,Rate,2021,0.6361790846954846,0.7765508998897435,0.5478400985232977
1,Deaths,1,Global,3,Both,22,All ages,1012,Malignant neoplasm of bone and articular cartilage,3,Rate,2021,0.8378063375807476,0.9436515326122197,0.6754916165348881
1,Deaths,1,Global,3,Both,22,All ages,1013,Neuroblastoma and other peripheral nervous cell tumors,3,Rate,2021,0.0658164651626477,0.0751747280593517,0.05442123351922227
1,Deaths,1,Global,3,Both,22,All ages,1048,COVID-19,3,Rate,2021,99.95185429378051,106.49092024407864,95.13122668189521
1,Deaths,1,Global,3,Both,22,All ages,1056,Other unintentional injuries,3,Rate,2021,1.2590337214370386,1.4804553664762992,0.7785261837518116
1,Deaths,1,Global,3,Both,22,All ages,1058,Other COVID-19 pandemic-related outcomes,3,Rate,2021,34.03138086890046,45.58453392691563,26.37982001569825
1,Deaths,1,Global,3,Both,22,All ages,429,Breast cancer,3,Rate,2000,7.114826900204533,7.412274634475132,6.761982419946096
1,Deaths,1,Global,3,Both,22,All ages,432,Cervical cancer,3,Rate,2000,3.699081289952741,3.9180456171945184,3.485503180344252
1,Deaths,1,Global,3,Both,22,All ages,435,Uterine cancer,3,Rate,2000,1.0414321458463667,1.1064645127586117,0.9156187902357805
1,Deaths,1,Global,3,Both,22,All ages,438,Prostate cancer,3,Rate,2000,4.532452072933686,4.804182008193882,4.08352629921958
1,Deaths,1,Global,3,Both,22,All ages,441,Colon and rectum cancer,3,Rate,2000,11.2434776163955,11.663243343729345,10.697891172706463
1,Deaths,1,Global,3,Both,22,All ages,444,Lip and oral cavity cancer,3,Rate,2000,2.00442637412036,2.0802298835703295,1.916723149581206
1,Deaths,1,Global,3,Both,22,All ages,447,Nasopharynx cancer,3,Rate,2000,1.1150319689247932,1.1907986220411277,1.0451377367214947
1,Deaths,1,Global,3,Both,22,All ages,450,Other pharynx cancer,3,Rate,2000,0.9051972742162089,0.9705993269969713,0.8456636634703888
1,Deaths,1,Global,3,Both,22,All ages,453,Gallbladder and biliary tract cancer,3,Rate,2000,1.8731931917260682,2.0996562313431446,1.6693984480767514
1,Deaths,1,Global,3,Both,22,All ages,456,Pancreatic cancer,3,Rate,2000,4.4319229076213835,4.591824018766746,4.209333577029086
1,Deaths,1,Global,3,Both,22,All ages,459,Malignant skin melanoma,3,Rate,2000,0.6999121248356012,0.7370673456953823,0.6448992060857194
1,Deaths,1,Global,3,Both,22,All ages,462,Non-melanoma skin cancer,3,Rate,2000,0.48561354659104994,0.5295354196956619,0.43688001866919673
1,Deaths,1,Global,3,Both,22,All ages,465,Ovarian cancer,3,Rate,2000,2.0344102058651967,2.1626650107484346,1.8802850610000355
1,Deaths,1,Global,3,Both,22,All ages,468,Testicular cancer,3,Rate,2000,0.13857206432101726,0.14476297271745514,0.13327905401000373
1,Deaths,1,Global,3,Both,22,All ages,471,Kidney cancer,3,Rate,2000,1.623511559621516,1.6720606879264923,1.5615151981882553
1,Deaths,1,Global,3,Both,22,All ages,474,Bladder cancer,3,Rate,2000,2.447565686859962,2.564614773490686,2.273114993717942
1,Deaths,1,Global,3,Both,22,All ages,477,Brain and central nervous system cancer,3,Rate,2000,2.8008961000663417,3.1427386031462117,2.4130354918506676
1,Deaths,1,Global,3,Both,22,All ages,480,Thyroid cancer,3,Rate,2000,0.44071225186345175,0.4753463042364075,0.40790611696860396
1,Deaths,1,Global,3,Both,22,All ages,483,Mesothelioma,3,Rate,2000,0.3012665912574026,0.3127015019715627,0.28699943340539635
1,Deaths,1,Global,3,Both,22,All ages,484,Hodgkin lymphoma,3,Rate,2000,0.46792862861742296,0.556460664617128,0.35150451606719796
1,Deaths,1,Global,3,Both,22,All ages,485,Non-Hodgkin lymphoma,3,Rate,2000,3.0631757060807665,3.3006370962618754,2.873938944272522
1,Deaths,1,Global,3,Both,22,All ages,486,Multiple myeloma,3,Rate,2000,1.1000503543832891,1.1643456630778797,0.9905196927016792
1,Deaths,1,Global,3,Both,22,All ages,487,Leukemia,3,Rate,2000,4.424131921596148,4.887566066845339,3.9067147679097727
1,Deaths,1,Global,3,Both,22,All ages,391,Other nutritional deficiencies,3,Rate,2000,0.8634817844484302,0.9897966036038666,0.7630170918139931
1,Deaths,1,Global,3,Both,22,All ages,393,Sexually transmitted infections excluding HIV,3,Rate,2000,1.5446024495285589,2.8887561197918763,0.6369417036417861
1,Deaths,1,Global,3,Both,22,All ages,400,Acute hepatitis,3,Rate,2000,2.410216727530674,2.725643267025971,2.1171797514733868
1,Deaths,1,Global,3,Both,22,All ages,408,Other unspecified infectious diseases,3,Rate,2000,1.1051587917534644,1.286905459694186,0.7255409422926
1,Deaths,1,Global,3,Both,22,All ages,411,Esophageal cancer,3,Rate,2000,6.87523168821304,7.410402680308594,6.194499802750173
1,Deaths,1,Global,3,Both,22,All ages,414,Stomach cancer,3,Rate,2000,14.450648146255233,15.53000491477749,12.871711590614268
1,Deaths,1,Global,3,Both,22,All ages,417,Liver cancer,3,Rate,2000,5.361910993141403,5.779086886414685,5.026720577791573
1,Deaths,1,Global,3,Both,22,All ages,423,Larynx cancer,3,Rate,2000,1.5133773994336879,1.5836539603243038,1.429616241610813
1,Deaths,1,Global,3,Both,22,All ages,426,"Tracheal, bronchus, and lung cancer",3,Rate,2000,21.715768896523777,22.51348451886535,20.81339980749803
1,Deaths,1,Global,3,Both,22,All ages,560,Alcohol use disorders,3,Rate,2000,2.6851241624347764,2.756061833771329,2.4516064420854295
1,Deaths,1,Global,3,Both,22,All ages,561,Drug use disorders,3,Rate,2000,1.3592142076708393,1.4178842584689009,1.3016180046595331
1,Deaths,1,Global,3,Both,22,All ages,572,Eating disorders,3,Rate,2000,0.003648319096442395,0.0039232989858315045,0.0031763371509074133
1,Deaths,1,Global,3,Both,22,All ages,587,Diabetes mellitus,3,Rate,2000,14.712827508181524,15.257361546207362,13.985259748692915
1,Deaths,1,Global,3,Both,22,All ages,588,Acute glomerulonephritis,3,Rate,2000,0.16687716537256825,0.19976553474341113,0.1347688455300599
1,Deaths,1,Global,3,Both,22,All ages,589,Chronic kidney disease,3,Rate,2000,12.53797366636293,13.52738191898381,11.6702027700682
1,Deaths,1,Global,3,Both,22,All ages,489,Other malignant neoplasms,3,Rate,2000,2.4608333285290716,2.6433360395811936,2.2444416339563236
1,Deaths,1,Global,3,Both,22,All ages,490,Other neoplasms,3,Rate,2000,0.4386515311285225,0.5164667634895391,0.3953396676337033
1,Deaths,1,Global,3,Both,22,All ages,492,Rheumatic heart disease,3,Rate,2000,6.5511371467342,7.7715059904446075,5.6111387932439
1,Deaths,1,Global,3,Both,22,All ages,619,"Endocrine, metabolic, blood, and immune disorders",3,Rate,2000,1.5685611446384857,1.7452524421726403,1.3888259527643678
1,Deaths,1,Global,3,Both,22,All ages,627,Rheumatoid arthritis,3,Rate,2000,0.40176416906167944,0.4573993949756872,0.35159910653176873
1,Deaths,1,Global,3,Both,22,All ages,639,Other musculoskeletal disorders,3,Rate,2000,0.8286392791346505,0.8852163341323488,0.7512312891750718
1,Deaths,1,Global,3,Both,22,All ages,641,Congenital birth defects,3,Rate,2000,12.886887059291286,16.502983484124915,9.464726996956813
1,Deaths,1,Global,3,Both,22,All ages,345,Malaria,3,Rate,2000,14.074590725241656,23.736187843335635,7.4486811135522615
1,Deaths,1,Global,3,Both,22,All ages,346,Chagas disease,3,Rate,2000,0.1554732617528439,0.17041218755472268,0.13857598905359012
1,Deaths,1,Global,3,Both,22,All ages,347,Leishmaniasis,3,Rate,2000,0.2167490285835821,1.0082411591825926,0.03154139948226131
1,Deaths,1,Global,3,Both,22,All ages,350,African trypanosomiasis,3,Rate,2000,0.3648202598661661,0.5827323671292013,0.18271204648919803
1,Deaths,1,Global,3,Both,22,All ages,351,Schistosomiasis,3,Rate,2000,0.3086868123739332,0.34081337535554285,0.2800319670742296
1,Deaths,1,Global,3,Both,22,All ages,352,Cysticercosis,3,Rate,2000,0.032931079290942064,0.04519321692924263,0.022869380818217877
1,Deaths,1,Global,3,Both,22,All ages,353,Cystic echinococcosis,3,Rate,2000,0.04555338939353501,0.057090621787086675,0.03493417195890516
1,Deaths,1,Global,3,Both,22,All ages,357,Dengue,3,Rate,2000,0.285127238040556,0.33693649984729374,0.23632726676067228
1,Deaths,1,Global,3,Both,22,All ages,358,Yellow fever,3,Rate,2000,0.1683079789571241,0.3682259329921447,0.06392131936346038
1,Deaths,1,Global,3,Both,22,All ages,359,Rabies,3,Rate,2000,0.3160184787047966,0.41892658414223527,0.22186723169119568
1,Deaths,1,Global,3,Both,22,All ages,360,Intestinal nematode infections,3,Rate,2000,0.16662540541032297,0.2243348402007772,0.09621037757772712
1,Deaths,1,Global,3,Both,22,All ages,365,Other neglected tropical diseases,3,Rate,2000,0.24673095099971037,0.3028527699355062,0.20294619702305536
1,Deaths,1,Global,3,Both,22,All ages,366,Maternal disorders,3,Rate,2000,5.225561951313565,5.70124520820485,4.815356064378846
1,Deaths,1,Global,3,Both,22,All ages,380,Neonatal disorders,3,Rate,2000,43.59761160639342,46.28619555651538,41.10079941858675
1,Deaths,1,Global,3,Both,22,All ages,387,Protein-energy malnutrition,3,Rate,2000,7.563528292023794,9.741946299523793,6.138453873551874
1,Deaths,1,Global,3,Both,22,All ages,529,Appendicitis,3,Rate,2000,0.6097184178758689,0.7237663798013009,0.5060228563403315
1,Deaths,1,Global,3,Both,22,All ages,530,Paralytic ileus and intestinal obstruction,3,Rate,2000,2.987423451009922,3.2336233478008496,2.6266337177020005
1,Deaths,1,Global,3,Both,22,All ages,531,"Inguinal, femoral, and abdominal hernia",3,Rate,2000,0.6570187212244932,0.7915353785464558,0.5745927905441094
1,Deaths,1,Global,3,Both,22,All ages,532,Inflammatory bowel disease,3,Rate,2000,0.4449350809258439,0.4844577942997442,0.38634325284565463
1,Deaths,1,Global,3,Both,22,All ages,533,Vascular intestinal disorders,3,Rate,2000,1.141065888140633,1.2117573205579888,1.049476602099659
1,Deaths,1,Global,3,Both,22,All ages,534,Gallbladder and biliary diseases,3,Rate,2000,1.338222721040093,1.4606051140354683,1.122965144212461
1,Deaths,1,Global,3,Both,22,All ages,535,Pancreatitis,3,Rate,2000,1.4156993271925835,1.6440547571496174,1.289938789219431
1,Deaths,1,Global,3,Both,22,All ages,594,Urinary diseases and male infertility,3,Rate,2000,2.901371290604975,3.1555655338836615,2.630826072992802
1,Deaths,1,Global,3,Both,22,All ages,603,Gynecological diseases,3,Rate,2000,0.08908850796789526,0.11863442471737635,0.06977646368605002
1,Deaths,1,Global,3,Both,22,All ages,613,Hemoglobinopathies and hemolytic anemias,3,Rate,2000,1.260360427195949,1.4826455864556973,1.0349562347763968
1,Deaths,1,Global,3,Both,22,All ages,854,Police conflict and executions,3,Rate,2000,0.11301692476584867,0.13314871459239133,0.09012929917974757
1,Deaths,1,Global,3,Both,22,All ages,935,Zika virus,3,Rate,2000,0.0,0.0,0.0
1,Deaths,1,Global,3,Both,22,All ages,958,Typhoid and paratyphoid,3,Rate,2000,3.3989172788052344,5.6821982163908915,1.717006953136554
1,Deaths,1,Global,3,Both,22,All ages,959,Invasive Non-typhoidal Salmonella (iNTS),3,Rate,2000,1.1226160786001451,1.7672090246699517,0.6525986859532589
1,Deaths,1,Global,3,Both,22,All ages,945,Conflict and terrorism,3,Rate,2000,1.968843593319968,2.8397352321174054,1.6579473004860823
1,Deaths,1,Global,3,Both,22,All ages,541,Other digestive diseases,3,Rate,2000,1.4353208721872095,1.6367536368117188,1.3098162221331662
1,Deaths,1,Global,3,Both,22,All ages,543,Alzheimer's disease and other dementias,3,Rate,2000,15.042334859341974,40.09026236456339,3.7305764745141183
1,Deaths,1,Global,3,Both,22,All ages,544,Parkinson's disease,3,Rate,2000,3.302929782550333,3.50723427702236,3.0475039101687504
1,Deaths,1,Global,3,Both,22,All ages,545,Idiopathic epilepsy,3,Rate,2000,1.8920004775395363,2.0476858851299986,1.5456276470126045
1,Deaths,1,Global,3,Both,22,All ages,546,Multiple sclerosis,3,Rate,2000,0.18907666132033477,0.19599953896201305,0.18200909906905094
1,Deaths,1,Global,3,Both,22,All ages,554,Motor neuron disease,3,Rate,2000,0.3507086726092636,0.36320519152541786,0.3301658681830514
1,Deaths,1,Global,3,Both,22,All ages,557,Other neurological disorders,3,Rate,2000,0.51883649811299,0.5416203874805541,0.4963737000081703
1,Deaths,1,Global,3,Both,22,All ages,708,Adverse effects of medical treatment,3,Rate,2000,1.7293320232921512,2.0395605468681217,1.5147480822250752
1,Deaths,1,Global,3,Both,22,All ages,709,Animal contact,3,Rate,2000,1.7590132303940054,1.9460165702195256,1.3947066509735486
1,Deaths,1,Global,3,Both,22,All ages,712,Foreign body,3,Rate,2000,1.762758477670575,1.8795338105030877,1.3653350852249706
1,Deaths,1,Global,3,Both,22,All ages,718,Self-harm,3,Rate,2000,13.50034779850028,14.052997049110735,11.88337129332614
1,Deaths,1,Global,3,Both,22,All ages,724,Interpersonal violence,3,Rate,2000,7.153476730908462,7.349540617663297,6.977656852436099
1,Deaths,1,Global,3,Both,22,All ages,729,Exposure to forces of nature,3,Rate,2000,0.14630447439836028,0.16088735760693493,0.1330492903490966
1,Deaths,1,Global,3,Both,22,All ages,842,Environmental heat and cold exposure,3,Rate,2000,0.8324418904518632,0.9036265185055623,0.6697221977672395
1,Deaths,1,Global,3,Both,22,All ages,843,Ebola,3,Rate,2000,0.005503013838416923,0.0064808348499325276,0.004515227844917971
1,Deaths,1,Global,3,Both,22,All ages,980,Bacterial skin diseases,3,Rate,2000,0.6927103277743218,0.7544758550208065,0.591688917852519
1,Deaths,1,Global,3,Both,22,All ages,992,Upper digestive system diseases,3,Rate,2000,5.0033125471531426,5.333023289907734,4.651153817713898
1,Deaths,1,Global,3,Both,22,All ages,1004,Pulmonary Arterial Hypertension,3,Rate,2000,0.2688940169720281,0.31819856535368185,0.23283592331269232
1,Deaths,1,Global,3,Both,22,All ages,391,Other nutritional deficiencies,3,Rate,2021,0.4172752322629583,0.4554067485915527,0.37572004053335667
1,Deaths,1,Global,3,Both,22,All ages,393,Sexually transmitted infections excluding HIV,3,Rate,2021,1.0062688104658313,1.9230955640023095,0.42985246785124975
1,Deaths,1,Global,3,Both,22,All ages,400,Acute hepatitis,3,Rate,2021,0.9104445116864597,1.177342790911403,0.7355513310705738
1,Deaths,1,Global,3,Both,22,All ages,408,Other unspecified infectious diseases,3,Rate,2021,0.8695980764059457,1.2008806820581426,0.5580676902060812
1,Deaths,1,Global,3,Both,22,All ages,411,Esophageal cancer,3,Rate,2021,6.825216013796043,7.6464140675231285,6.031208674484984
1,Deaths,1,Global,3,Both,22,All ages,414,Stomach cancer,3,Rate,2021,12.09391551962302,13.80722092092725,10.41330649730197
1,Deaths,1,Global,3,Both,22,All ages,417,Liver cancer,3,Rate,2021,6.131712882546073,6.84517718071539,5.58079582302821
1,Deaths,1,Global,3,Both,22,All ages,423,Larynx cancer,3,Rate,2021,1.4858237476258176,1.5960814260985017,1.38575183901742
1,Deaths,1,Global,3,Both,22,All ages,426,"Tracheal, bronchus, and lung cancer",3,Rate,2021,25.553886133526984,28.111425326427483,23.069524289353904
1,Deaths,1,Global,3,Both,22,All ages,560,Alcohol use disorders,3,Rate,2021,2.008130708527663,2.1955533280721755,1.6418660904047961
1,Deaths,1,Global,3,Both,22,All ages,561,Drug use disorders,3,Rate,2021,1.739599269867912,1.8524244403768684,1.6381046298177406
1,Deaths,1,Global,3,Both,22,All ages,572,Eating disorders,3,Rate,2021,0.0029334617344796126,0.0033167651217322273,0.002472882457271885
1,Deaths,1,Global,3,Both,22,All ages,587,Diabetes mellitus,3,Rate,2021,20.993034558300273,22.297207369746204,19.485868985874735
1,Deaths,1,Global,3,Both,22,All ages,588,Acute glomerulonephritis,3,Rate,2021,0.13635889051594383,0.17060685435207876,0.0971715389933358
1,Deaths,1,Global,3,Both,22,All ages,589,Chronic kidney disease,3,Rate,2021,19.35838717920177,20.768476564622908,17.60632487438178
1,Deaths,1,Global,3,Both,22,All ages,429,Breast cancer,3,Rate,2021,8.543520826385715,9.134333784563825,7.899425139172435
1,Deaths,1,Global,3,Both,22,All ages,432,Cervical cancer,3,Rate,2021,3.75939627346874,4.079220694342982,3.4475534481137506
1,Deaths,1,Global,3,Both,22,All ages,435,Uterine cancer,3,Rate,2021,1.237710157279052,1.369366379439969,1.0963365894265524
1,Deaths,1,Global,3,Both,22,All ages,438,Prostate cancer,3,Rate,2021,5.480217595726955,5.875358242463237,4.839129242133426
1,Deaths,1,Global,3,Both,22,All ages,441,Colon and rectum cancer,3,Rate,2021,13.230585061486694,14.194895256253783,12.040870222728138
1,Deaths,1,Global,3,Both,22,All ages,444,Lip and oral cavity cancer,3,Rate,2021,2.6406044728394216,2.8406037424545945,2.424019886860105
1,Deaths,1,Global,3,Both,22,All ages,447,Nasopharynx cancer,3,Rate,2021,0.9549524316174716,1.0607349728132796,0.8555614276449168
1,Deaths,1,Global,3,Both,22,All ages,450,Other pharynx cancer,3,Rate,2021,1.2473793902073314,1.336714991912565,1.1603435763691925
1,Deaths,1,Global,3,Both,22,All ages,453,Gallbladder and biliary tract cancer,3,Rate,2021,2.1791086878949564,2.461408261975699,1.8038965214177132
1,Deaths,1,Global,3,Both,22,All ages,456,Pancreatic cancer,3,Rate,2021,6.408940831282599,6.892346421587252,5.844680965033568
1,Deaths,1,Global,3,Both,22,All ages,459,Malignant skin melanoma,3,Rate,2021,0.779964210068101,0.8397168334330312,0.6950956033535245
1,Deaths,1,Global,3,Both,22,All ages,462,Non-melanoma skin cancer,3,Rate,2021,0.7212100203563342,0.7988162873142225,0.6179086078326005
1,Deaths,1,Global,3,Both,22,All ages,465,Ovarian cancer,3,Rate,2021,2.3520513040223294,2.5472522147044185,2.1284306060665736
1,Deaths,1,Global,3,Both,22,All ages,468,Testicular cancer,3,Rate,2021,0.14431365936724572,0.1527700273472484,0.1364873239628694
1,Deaths,1,Global,3,Both,22,All ages,471,Kidney cancer,3,Rate,2021,2.0426729822330465,2.145998010758327,1.9048389528944258
1,Deaths,1,Global,3,Both,22,All ages,474,Bladder cancer,3,Rate,2021,2.811790509194026,3.070784587297008,2.541606746525834
1,Deaths,1,Global,3,Both,22,All ages,477,Brain and central nervous system cancer,3,Rate,2021,3.2773440650614196,3.7526382159651863,2.815552729492895
1,Deaths,1,Global,3,Both,22,All ages,480,Thyroid cancer,3,Rate,2021,0.5676914966313981,0.615116350094694,0.5059300482420187
1,Deaths,1,Global,3,Both,22,All ages,483,Mesothelioma,3,Rate,2021,0.37533402975987384,0.40252449807648516,0.34752570229527197
1,Deaths,1,Global,3,Both,22,All ages,484,Hodgkin lymphoma,3,Rate,2021,0.35709958115764545,0.4517978412702312,0.264788584575419
1,Deaths,1,Global,3,Both,22,All ages,485,Non-Hodgkin lymphoma,3,Rate,2021,3.384225659396317,3.658380415818667,3.1185359496314473
1,Deaths,1,Global,3,Both,22,All ages,486,Multiple myeloma,3,Rate,2021,1.4745205570715003,1.627991583408667,1.3062223999153928
1,Deaths,1,Global,3,Both,22,All ages,487,Leukemia,3,Rate,2021,4.058665439927069,4.423194446313224,3.48444025515682
1,Deaths,1,Global,3,Both,22,All ages,594,Urinary diseases and male infertility,3,Rate,2021,4.607876047412927,4.9253397472214,4.142908369148735
1,Deaths,1,Global,3,Both,22,All ages,603,Gynecological diseases,3,Rate,2021,0.11329956461693416,0.13065712083772113,0.08184178040207274
1,Deaths,1,Global,3,Both,22,All ages,613,Hemoglobinopathies and hemolytic anemias,3,Rate,2021,1.1164808201094956,1.3910691720594202,0.8626868068049443
1,Deaths,1,Global,3,Both,22,All ages,854,Police conflict and executions,3,Rate,2021,0.1530938096253326,0.19673982623050554,0.13375936549727405
1,Deaths,1,Global,3,Both,22,All ages,935,Zika virus,3,Rate,2021,4.106409129170435e-06,9.138104535495858e-06,1.9054117936802315e-06
1,Deaths,1,Global,3,Both,22,All ages,489,Other malignant neoplasms,3,Rate,2021,2.815846193426437,3.0507661840296505,2.52689614583317
1,Deaths,1,Global,3,Both,22,All ages,490,Other neoplasms,3,Rate,2021,0.6992345212255702,0.8147585749244333,0.5925596318900356
1,Deaths,1,Global,3,Both,22,All ages,492,Rheumatic heart disease,3,Rate,2021,4.7310670086719675,5.636064456418739,4.1075293518839375
1,Deaths,1,Global,3,Both,22,All ages,619,"Endocrine, metabolic, blood, and immune disorders",3,Rate,2021,2.2290414755735255,2.4172706950330083,1.9553816184110253
1,Deaths,1,Global,3,Both,22,All ages,627,Rheumatoid arthritis,3,Rate,2021,0.4730538221754962,0.5466177679019842,0.3935992133910656
1,Deaths,1,Global,3,Both,22,All ages,639,Other musculoskeletal disorders,3,Rate,2021,1.0285834060496135,1.1212118770311663,0.8863122944471565
1,Deaths,1,Global,3,Both,22,All ages,641,Congenital birth defects,3,Rate,2021,6.728206975026613,8.140795584753839,5.756667550694889
1,Deaths,1,Global,3,Both,22,All ages,958,Typhoid and paratyphoid,3,Rate,2021,1.3617371685795274,2.290788374202442,0.7108623507587992
1,Deaths,1,Global,3,Both,22,All ages,959,Invasive Non-typhoidal Salmonella (iNTS),3,Rate,2021,0.7859001050427709,1.239151078883204,0.4571981534695087
1,Deaths,1,Global,3,Both,22,All ages,945,Conflict and terrorism,3,Rate,2021,1.2227167976870825,1.4472975125621008,1.0589913177187986
1,Deaths,1,Global,3,Both,22,All ages,980,Bacterial skin diseases,3,Rate,2021,0.9512790010655506,1.0715167779972417,0.8349739860500274
1,Deaths,1,Global,3,Both,22,All ages,992,Upper digestive system diseases,3,Rate,2021,3.4596414625483694,3.966078140043774,2.9765849038816876
1,Deaths,1,Global,3,Both,22,All ages,1004,Pulmonary Arterial Hypertension,3,Rate,2021,0.27904633416775304,0.3212577136226174,0.23112846668436934
1,Deaths,1,Global,3,Both,22,All ages,345,Malaria,3,Rate,2021,9.480392220337176,19.464784196003336,3.3923625344887913
1,Deaths,1,Global,3,Both,22,All ages,346,Chagas disease,3,Rate,2021,0.09773842540680065,0.11205630444566533,0.08530111670061272
1,Deaths,1,Global,3,Both,22,All ages,347,Leishmaniasis,3,Rate,2021,0.06947138254755049,0.22532632527866028,0.020395449553881406
1,Deaths,1,Global,3,Both,22,All ages,350,African trypanosomiasis,3,Rate,2021,0.01337316001710528,0.03795319443735528,0.004704683388074832
1,Deaths,1,Global,3,Both,22,All ages,351,Schistosomiasis,3,Rate,2021,0.1629324265965599,0.18232355747814272,0.1436386754858799
1,Deaths,1,Global,3,Both,22,All ages,352,Cysticercosis,3,Rate,2021,0.020824589558719818,0.02898213239028437,0.014113907392238452
1,Deaths,1,Global,3,Both,22,All ages,353,Cystic echinococcosis,3,Rate,2021,0.01728118679237756,0.022493689704824463,0.012490634921446185
1,Deaths,1,Global,3,Both,22,All ages,357,Dengue,3,Rate,2021,0.36845347696069514,0.4939645420884805,0.22337782254580563
1,Deaths,1,Global,3,Both,22,All ages,358,Yellow fever,3,Rate,2021,0.058315868112113284,0.1267511179686839,0.02226463452249026
1,Deaths,1,Global,3,Both,22,All ages,359,Rabies,3,Rate,2021,0.12778806554683836,0.17958716093407384,0.07623534126951464
1,Deaths,1,Global,3,Both,22,All ages,360,Intestinal nematode infections,3,Rate,2021,0.04400680699910486,0.0590024507815893,0.028363563992086577
1,Deaths,1,Global,3,Both,22,All ages,365,Other neglected tropical diseases,3,Rate,2021,0.2780626550440133,0.3407708185361791,0.19270825694649685
1,Deaths,1,Global,3,Both,22,All ages,366,Maternal disorders,3,Rate,2021,2.422301991440336,2.8777950379186135,2.0460368591243006
1,Deaths,1,Global,3,Both,22,All ages,380,Neonatal disorders,3,Rate,2021,23.209388189514968,26.88802783328148,19.90708371396163
1,Deaths,1,Global,3,Both,22,All ages,387,Protein-energy malnutrition,3,Rate,2021,2.399404613008367,2.708720586591109,2.1232207307641846
1,Deaths,1,Global,3,Both,22,All ages,529,Appendicitis,3,Rate,2021,0.3715406226857373,0.435011021029688,0.32029736497691647
1,Deaths,1,Global,3,Both,22,All ages,530,Paralytic ileus and intestinal obstruction,3,Rate,2021,2.9437319590109046,3.2988769138424754,2.5815980710972113
1,Deaths,1,Global,3,Both,22,All ages,531,"Inguinal, femoral, and abdominal hernia",3,Rate,2021,0.6084093280895111,0.7135535782114055,0.5393878649432119
1,Deaths,1,Global,3,Both,22,All ages,532,Inflammatory bowel disease,3,Rate,2021,0.5375840811903756,0.5892791120458641,0.4756713135635804
1,Deaths,1,Global,3,Both,22,All ages,533,Vascular intestinal disorders,3,Rate,2021,1.1596860596262393,1.2486779738619673,1.038230126209649
1,Deaths,1,Global,3,Both,22,All ages,534,Gallbladder and biliary diseases,3,Rate,2021,1.6614438548238164,1.9736735795722804,1.4366033409816041
1,Deaths,1,Global,3,Both,22,All ages,535,Pancreatitis,3,Rate,2021,1.5512671369714894,1.7913508356893981,1.391999836738992
1,Deaths,1,Global,3,Both,22,All ages,541,Other digestive diseases,3,Rate,2021,1.5343673616670113,1.7368190518802846,1.3279424186578976
1,Deaths,1,Global,3,Both,22,All ages,543,Alzheimer's disease and other dementias,3,Rate,2021,24.744513708902367,63.16708028587789,6.500548107821307
1,Deaths,1,Global,3,Both,22,All ages,544,Parkinson's disease,3,Rate,2021,4.919235566336448,5.28917873130779,4.400381001674108
1,Deaths,1,Global,3,Both,22,All ages,545,Idiopathic epilepsy,3,Rate,2021,1.7722046036313914,1.9435147687226668,1.4820340920607098
1,Deaths,1,Global,3,Both,22,All ages,546,Multiple sclerosis,3,Rate,2021,0.20658297502633963,0.21592637306558815,0.19460774033653408
1,Deaths,1,Global,3,Both,22,All ages,554,Motor neuron disease,3,Rate,2021,0.4952463364383866,0.5377127914982929,0.45311001898362757
1,Deaths,1,Global,3,Both,22,All ages,557,Other neurological disorders,3,Rate,2021,0.9064229933297465,0.967666936711905,0.8176227365750338
1,Deaths,1,Global,3,Both,22,All ages,708,Adverse effects of medical treatment,3,Rate,2021,1.5501834329468231,1.6969283373044586,1.3167540235523296
1,Deaths,1,Global,3,Both,22,All ages,709,Animal contact,3,Rate,2021,1.1218755895866435,1.349262806295171,0.8632737228258545
1,Deaths,1,Global,3,Both,22,All ages,712,Foreign body,3,Rate,2021,1.3557733137804358,1.4884590508473086,1.0555807724550688
1,Deaths,1,Global,3,Both,22,All ages,718,Self-harm,3,Rate,2021,9.458190494665045,10.135737201200028,8.766053145312387
1,Deaths,1,Global,3,Both,22,All ages,724,Interpersonal violence,3,Rate,2021,5.036017933898169,5.309464831131486,4.773426825129245
1,Deaths,1,Global,3,Both,22,All ages,729,Exposure to forces of nature,3,Rate,2021,0.11946036754598764,0.13136756720710802,0.10863725933329386
1,Deaths,1,Global,3,Both,22,All ages,842,Environmental heat and cold exposure,3,Rate,2021,0.45649394720736663,0.5531827211909619,0.2956189128554076
1,Deaths,1,Global,3,Both,22,All ages,843,Ebola,3,Rate,2021,0.0006070669482454173,0.0007149356243601392,0.0004980989815638219
